Url,Image,Name,Price
https://www.scrapingcourse.com/ecommerce/product/abominable-hoodie/,https://www.scrapingcourse.com/ecommerce/wp-content/uploads/2024/03/mh09-blue_main.jpg,Abominable Hoodie,$69.00
https://www.scrapingcourse.com/ecommerce/product/adrienne-trek-jacket/,https://www.scrapingcourse.com/ecommerce/wp-content/uploads/2024/03/wj08-gray_main.jpg,Adrienne Trek Jacket,$57.00
https://www.scrapingcourse.com/ecommerce/product/aeon-capri/,https://www.scrapingcourse.com/ecommerce/wp-content/uploads/2024/03/wp07-black_main.jpg,Aeon Capri,$48.00
https://www.scrapingcourse.com/ecommerce/product/aero-daily-fitness-tee/,https://www.scrapingcourse.com/ecommerce/wp-content/uploads/2024/03/ms01-blue_main.jpg,Aero Daily Fitness Tee,$24.00
https://www.scrapingcourse.com/ecommerce/product/aether-gym-pant/,https://www.scrapingcourse.com/ecommerce/wp-content/uploads/2024/03/mp11-brown_main.jpg,Aether Gym Pant,$74.00
https://www.scrapingcourse.com/ecommerce/product/affirm-water-bottle/,https://www.scrapingcourse.com/ecommerce/wp-content/uploads/2024/03/ug06-lb-0.jpg,Affirm Water Bottle,$7.00
https://www.scrapingcourse.com/ecommerce/product/aim-analog-watch/,https://www.scrapingcourse.com/ecommerce/wp-content/uploads/2024/03/mg04-bk-0.jpg,Aim Analog Watch,$45.00
https://www.scrapingcourse.com/ecommerce/product/ajax-full-zip-sweatshirt/,https://www.scrapingcourse.com/ecommerce/wp-content/uploads/2024/03/mh12-green_main.jpg,Ajax Full-Zip Sweatshirt,$69.00
https://www.scrapingcourse.com/ecommerce/product/ana-running-short/,https://www.scrapingcourse.com/ecommerce/wp-content/uploads/2024/03/wsh10-black_main.jpg,Ana Running Short,$40.00
https://www.scrapingcourse.com/ecommerce/product/angel-light-running-short/,https://www.scrapingcourse.com/ecommerce/wp-content/uploads/2024/03/wsh06-gray_main.jpg,Angel Light Running Short,$42.00
https://www.scrapingcourse.com/ecommerce/product/antonia-racer-tank/,https://www.scrapingcourse.com/ecommerce/wp-content/uploads/2024/03/wt08-black_main.jpg,Antonia Racer Tank,$34.00
https://www.scrapingcourse.com/ecommerce/product/apollo-running-short/,https://www.scrapingcourse.com/ecommerce/wp-content/uploads/2024/03/msh02-black_main.jpg,Apollo Running Short,$32.50
https://www.scrapingcourse.com/ecommerce/product/arcadio-gym-short/,https://www.scrapingcourse.com/ecommerce/wp-content/uploads/2024/03/msh11-blue_main.jpg,Arcadio Gym Short,$20.00
https://www.scrapingcourse.com/ecommerce/product/argus-all-weather-tank/,https://www.scrapingcourse.com/ecommerce/wp-content/uploads/2024/03/mt07-gray_main.jpg,Argus All-Weather Tank,$22.00
https://www.scrapingcourse.com/ecommerce/product/ariel-roll-sleeve-sweatshirt/,https://www.scrapingcourse.com/ecommerce/wp-content/uploads/2024/03/wh09-purple_main.jpg,Ariel Roll Sleeve Sweatshirt,$39.00
https://www.scrapingcourse.com/ecommerce/product/artemis-running-short/,https://www.scrapingcourse.com/ecommerce/wp-content/uploads/2024/03/wsh04-black_main.jpg,Artemis Running Short,$45.00
https://www.scrapingcourse.com/ecommerce/product/atlas-fitness-tank/,https://www.scrapingcourse.com/ecommerce/wp-content/uploads/2024/03/mt11-blue_main.jpg,Atlas Fitness Tank,$18.00
https://www.scrapingcourse.com/ecommerce/product/atomic-endurance-running-tee-crew-neck/,https://www.scrapingcourse.com/ecommerce/wp-content/uploads/2024/03/ms12-red_main.jpg,Atomic Endurance Running Tee (Crew-Neck),$29.00
https://www.scrapingcourse.com/ecommerce/product/atomic-endurance-running-tee-v-neck/,https://www.scrapingcourse.com/ecommerce/wp-content/uploads/2024/03/ms11-green_main.jpg,Atomic Endurance Running Tee (V-neck),$28.00
https://www.scrapingcourse.com/ecommerce/product/augusta-pullover-jacket/,https://www.scrapingcourse.com/ecommerce/wp-content/uploads/2024/03/wj03-red_main.jpg,Augusta Pullover Jacket,$57.00
https://www.scrapingcourse.com/ecommerce/product/autumn-pullie/,https://www.scrapingcourse.com/ecommerce/wp-content/uploads/2024/03/wh03-red_main.jpg,Autumn Pullie,$57.00
https://www.scrapingcourse.com/ecommerce/product/balboa-persistence-tee/,https://www.scrapingcourse.com/ecommerce/wp-content/uploads/2024/03/ms03-black_main.jpg,Balboa Persistence Tee,$29.00
https://www.scrapingcourse.com/ecommerce/product/bardot-capri/,https://www.scrapingcourse.com/ecommerce/wp-content/uploads/2024/03/wp08-black_main.jpg,Bardot Capri,$48.00
https://www.scrapingcourse.com/ecommerce/product/beaumont-summit-kit/,https://www.scrapingcourse.com/ecommerce/wp-content/uploads/2024/03/mj01-yellow_main.jpg,Beaumont Summit Kit,$42.00
https://www.scrapingcourse.com/ecommerce/product/bella-tank/,https://www.scrapingcourse.com/ecommerce/wp-content/uploads/2024/03/wt01-blue_main.jpg,Bella Tank,$29.00
https://www.scrapingcourse.com/ecommerce/product/bess-yoga-short/,https://www.scrapingcourse.com/ecommerce/wp-content/uploads/2024/03/wsh05-blue_main.jpg,Bess Yoga Short,$28.00
https://www.scrapingcourse.com/ecommerce/product/bolo-sport-watch/,https://www.scrapingcourse.com/ecommerce/wp-content/uploads/2024/03/wg01-bk-0.jpg,Bolo Sport Watch,$49.00
https://www.scrapingcourse.com/ecommerce/product/breathe-easy-tank/,https://www.scrapingcourse.com/ecommerce/wp-content/uploads/2024/03/wt09-white_main.jpg,Breathe-Easy Tank,$34.00
https://www.scrapingcourse.com/ecommerce/product/bruno-compete-hoodie/,https://www.scrapingcourse.com/ecommerce/wp-content/uploads/2024/03/mh03-black_main.jpg,Bruno Compete Hoodie,$63.00
https://www.scrapingcourse.com/ecommerce/product/caesar-warm-up-pant/,https://www.scrapingcourse.com/ecommerce/wp-content/uploads/2024/03/mp01-gray_main.jpg,Caesar Warm-Up Pant,$35.00
https://www.scrapingcourse.com/ecommerce/product/carina-basic-capri/,https://www.scrapingcourse.com/ecommerce/wp-content/uploads/2024/03/wp09-black_main.jpg,Carina Basic Capri,$51.00
https://www.scrapingcourse.com/ecommerce/product/cassia-funnel-sweatshirt/,https://www.scrapingcourse.com/ecommerce/wp-content/uploads/2024/03/wh08-white_main.jpg,Cassia Funnel Sweatshirt,$48.00
https://www.scrapingcourse.com/ecommerce/product/cassius-sparring-tank/,https://www.scrapingcourse.com/ecommerce/wp-content/uploads/2024/03/mt12-blue_main.jpg,Cassius Sparring Tank,$18.00
https://www.scrapingcourse.com/ecommerce/product/celeste-sports-bra/,https://www.scrapingcourse.com/ecommerce/wp-content/uploads/2024/03/wb03-green_main.jpg,Celeste Sports Bra,$39.00
https://www.scrapingcourse.com/ecommerce/product/chaz-kangeroo-hoodie/,https://www.scrapingcourse.com/ecommerce/wp-content/uploads/2024/03/mh01-gray_main.jpg,Chaz Kangeroo Hoodie,$52.00
https://www.scrapingcourse.com/ecommerce/product/chloe-compete-tank/,https://www.scrapingcourse.com/ecommerce/wp-content/uploads/2024/03/wt06-blue_main.jpg,Chloe Compete Tank,$39.00
https://www.scrapingcourse.com/ecommerce/product/circe-hooded-ice-fleece/,https://www.scrapingcourse.com/ecommerce/wp-content/uploads/2024/03/wh12-gray_main.jpg,Circe Hooded Ice Fleece,$68.00
https://www.scrapingcourse.com/ecommerce/product/clamber-watch/,https://www.scrapingcourse.com/ecommerce/wp-content/uploads/2024/03/wg03-gr-0.jpg,Clamber Watch,$54.00
https://www.scrapingcourse.com/ecommerce/product/cobalt-cooltech-fitness-short/,https://www.scrapingcourse.com/ecommerce/wp-content/uploads/2024/03/msh01-blue_main.jpg,Cobalt CoolTech™ Fitness Short,$44.00
https://www.scrapingcourse.com/ecommerce/product/compete-track-tote/,https://www.scrapingcourse.com/ecommerce/wp-content/uploads/2024/03/wb02-green-0.jpg,Compete Track Tote,$32.00
https://www.scrapingcourse.com/ecommerce/product/cora-parachute-pant/,https://www.scrapingcourse.com/ecommerce/wp-content/uploads/2024/03/wp04-blue_main.jpg,Cora Parachute Pant,$75.00
https://www.scrapingcourse.com/ecommerce/product/cronus-yoga-pant/,https://www.scrapingcourse.com/ecommerce/wp-content/uploads/2024/03/mp12-black_main.jpg,Cronus Yoga Pant,$48.00
https://www.scrapingcourse.com/ecommerce/product/crown-summit-backpack/,https://www.scrapingcourse.com/ecommerce/wp-content/uploads/2024/03/mb03-black-0.jpg,Crown Summit Backpack,$38.00
https://www.scrapingcourse.com/ecommerce/product/cruise-dual-analog-watch/,https://www.scrapingcourse.com/ecommerce/wp-content/uploads/2024/03/mg05-br-0.jpg,Cruise Dual Analog Watch,$55.00
https://www.scrapingcourse.com/ecommerce/product/daphne-full-zip-hoodie/,https://www.scrapingcourse.com/ecommerce/wp-content/uploads/2024/03/wh06-purple_main.jpg,Daphne Full-Zip Hoodie,$59.00
https://www.scrapingcourse.com/ecommerce/product/daria-bikram-pant/,https://www.scrapingcourse.com/ecommerce/wp-content/uploads/2024/03/wp10-gray_main.jpg,Daria Bikram Pant,$51.00
https://www.scrapingcourse.com/ecommerce/product/dash-digital-watch/,https://www.scrapingcourse.com/ecommerce/wp-content/uploads/2024/03/mg02-bk-0.jpg,Dash Digital Watch,$92.00
https://www.scrapingcourse.com/ecommerce/product/deion-long-sleeve-evercool-tee/,https://www.scrapingcourse.com/ecommerce/wp-content/uploads/2024/03/ms07-green_main.jpg,Deion Long-Sleeve EverCool™ Tee,$39.00