Username,Content,Likes,Timestamp,Url,Keyword
marskino0811,"接案中：
漫畫 插畫 
歡迎來訊臉書『腦開』洽詢

也歡迎支持者抖內贊助
https://marskino0811.oen.tw/",1106,2024-11-04T08:39:34.000Z,https://www.threads.net/t/DB8Wx3vzD0f,oen.tw
iam_nanahha,留言置頂有好心脆友提供官網連結喔,2,2024-12-15T08:24:00.000Z,https://www.threads.net/t/DDl5lwWTxjr,oen.tw
michael_yo_wang,找到了 https://tw400.oen.tw/good/2PJq4325FWxnxODBL4d6iSa1Q3O?from=tw400_good&goodPendingJobId=pg-gU9kSF7Lj-dXpnzv3SUmH,1,2024-12-15T08:25:30.000Z,https://www.threads.net/t/DDl5wp7S5SG,oen.tw
yanlongcang,我也是假日，2／15當天寫沒多久就回信了，如果沒收到看你要不要再寄一次，記得你的資料，訂單號碼要給，不然還要有個來回問的時間。,0,2025-02-17T06:59:36.000Z,https://www.threads.net/t/DGKizmcyjML,oen.tw
yanlongcang,info@oen.tw,1,2025-02-17T07:03:40.000Z,https://www.threads.net/t/DGKjRYiy8C6,oen.tw
simonxiwu,"【426東京池袋新珍味史明紀念館定期導覽】

我們的導覽基本上是每個月最後一個禮拜六，所以這個月是4/26，當然不是故意的。至於什麼是「共產黨的形狀」，有誰會比歐吉桑瞭解呢？😆

如果覺得4/26太敏感，下次是5/31、下下次是6/28。手刀報名👇
https://tw400.oen.tw/events/2anUkZdaN46hAKOi8MTKqf2bcdw",34,2025-04-24T00:32:00.000Z,https://www.threads.net/t/DIzy6Y1SNKq,oen.tw
dafanshu2193,"一克的愛，支持大麻除罪
https://twsea420.oen.tw/",4,2025-02-27T11:18:35.000Z,https://www.threads.net/t/DGkwZIiBv5B,oen.tw
su_beng1918,"近日在文物館找到一些「獨立台灣會」帽子

這頂帽子是1996年製作的，經過近30年的時間，帽子狀況仍非常好，配色及款式也意外地符合現代時尚潮流。

其實歐吉桑很少戴帽子，找了好久才找到這張照片，是歐吉桑在戰車上敲鑼，戴的就是這一頂帽子。

歐吉桑回台後，1995年開始，每逢週末，總能看見一輛輛的黃色戰車，車體有著台灣獨立的大字，上面插著獨立台灣會、台灣民族主義的關東旗，傳來鼓聲與吶喊，大聲呼喊台灣人要出頭天做主人，不要再做外來者的奴隸。

不管是出太陽或是下大雨，戰車照樣出行，歐吉桑在1996年做了這頂「獨立台灣會」的帽子，讓一起打拼的同志們能遮陽。

你也要一起戴上這頂帽子，走在台灣獨立建國的道路上嗎？

數量有限，歡迎贊助",350,2025-05-06T15:13:36.000Z,https://www.threads.net/t/DJURV-LSKUI,oen.tw
su_beng1918,"購買資訊在此
https://tw400.oen.tw/good/2winoHT74P0UYj8YoSIwUY2WnWA?from=tw400&m=points",23,2025-05-06T15:19:42.000Z,https://www.threads.net/t/DJUSCpcyTho,oen.tw
su_beng1918,"台獨悠遊卡

史明在一百歲時
獨立台灣會及史明教育基金會
幫他慶祝百歲生日
當時曾出過一款
台獨悠遊卡
黑色的底版
上面大大金色的獨立台灣字樣
又有史明簽名
簡單大方的設計
令人愛不釋手
獨立台灣的字
是由彰化縣書法學
前理事長所題字
目前尚有少量
可以對外開放收藏

年假結束，各行各業紛紛開工。

無論開車、搭公車、擠捷運通勤，帶上台獨悠遊卡，嗶一下，自由通行！

上班路上，有史明的台灣獨立精神陪伴。

👉 歡迎贊助
https://tw400.oen.tw/good/2PJq4325FWxnxODBL4d6iSa1Q3O?from=tw400&m=points",708,2025-02-04T03:06:01.000Z,https://www.threads.net/t/DFopvQ0ybbc,oen.tw
iam_nanahha,"好可愛🥹🥹

大家快去買！（我買好了😎

https://tw400.oen.tw/good/2tn2C7hK3UCJTchpVBVogre2QZM?from=tw400_good

財團法人史明教育基金會

歐吉桑漫畫短袖T恤",4,2025-04-03T03:06:26.000Z,https://www.threads.net/t/DH9_5JkSMrA,oen.tw
netting,"當初群組內一群人討論的玩笑話，說要去紐時廣場買看板，然後就真的有人去詢價了，有人去喬檔期了，有人做了示意圖，有人聯繫了募資平台。

170 分鐘完成 260 萬的募資並不是一個開始，接踵而來的是質疑、分化、猜忌。

很開心看到看板在 1 小時前上了這檔影片，接下來的 23 個小時會不斷的在紐時廣告輪播，並且是最中間、最貴的那個看板。

我要很驕傲的說，這些戰友，都是頂尖的執行者，他們勇敢的向前行，不畏恐懼。有了他們，才有這個專案的成功。

STAND STRONG with TAIWAN

standstrongwithtaiwan",22779,2024-06-04T05:11:12.000Z,https://www.threads.net/t/C7yBRnuSSGt,oen.tw
yhc.biz,身為募資平台 oen.tw 很榮幸可以參與這次計畫,62,2024-06-04T12:31:58.000Z,https://www.threads.net/t/C7yzwLlytVK,oen.tw
iam_nanahha,"這是昨天參加活動買的悠遊卡😍

喜歡🥰",901,2024-12-15T03:35:06.000Z,https://www.threads.net/t/DDlYhtETtjO,oen.tw
nanako_6611,"基金會官網有
https://tw400.oen.tw/good/2PJq4325FWxnxODBL4d6iSa1Q3O",13,2024-12-15T07:02:00.000Z,https://www.threads.net/t/DDlwNK3pIXP,oen.tw
oooooreo.tw,"不知道誰能分享「藍新」「綠界」系統的真實使用體驗，以及兩者之間的優劣呢？
或是說，有沒有更好的選擇！？
（有公司，會以產品與課程銷售為主要營業項目）

網路上搜尋，好多都是業配不然就是部落客寫手...",41,2025-02-27T08:58:00.000Z,https://www.threads.net/t/DGkgTcWS3GV,oen.tw
charlieeeee.tw,"歡迎試試 應援科技 @oen.tech 
https://oen.tw",6,2025-02-28T05:02:48.000Z,https://www.threads.net/t/DGmqLr2TW6U,oen.tw
wartime002,"這個，我允許眾卿一起跟本王搶購。

平身！

購買網址附於留言處",45,2025-02-04T16:33:17.000Z,https://www.threads.net/t/DFqGH_xTSfC,oen.tw
wartime002,https://tw400.oen.tw/good/2PJq4325FWxnxODBL4d6iSa1Q3O?from=tw400&m=points&s=07&fbclid=IwZXh0bgNhZW0CMTEAAR2uYTITdnGlFhXXxAlRSmPP2UuYJFgMOhmXxE84m_kVj02m8K6TfLGK4Rg_aem_CMR1VfzLJy1-Uxzir2GclQ,7,2025-02-04T16:33:21.000Z,https://www.threads.net/t/DFqGIeUTibo,oen.tw
marskino0811,"網友委託
畫他們一家三口

************
有需要漫畫，插畫
可以到我臉書粉專私訊洽談
threads沒辦法私訊比較不方便
腦開：
https://www.facebook.com/share/183UnRE2ca/
腦開2.0
https://www.facebook.com/share/1BQkgdnqMk/
X平台
https://x.com/marskino0811?t=T36SfBOq0CPjeeC8G559Zw&s=09
也歡迎支持者抖內贊助😋
https://marskino0811.oen.tw/",92,2025-03-24T05:51:10.000Z,https://www.threads.net/t/DHkiy77pLAK,oen.tw
marskino0811,"臉友委託年曆繪製
用來祝福大家新年快樂

#歡迎下載取用 

接案中
漫畫，插畫，人像
有需要的歡迎私訊洽詢

也歡迎支持者抖內贊助♡
https://marskino0811.oen.tw/",27,2023-12-30T05:31:47.000Z,https://www.threads.net/t/C1dy3PuSX09,oen.tw
marskino0811,"支持者委託：
全家人合照

***********
接案中
有需要漫畫插畫
可到臉書粉專私訊洽詢
https://www.facebook.com/share/16HQvqYf8P/

也歡迎支持者抖內贊助🧑‍🎨💛

https://marskino0811.oen.tw/",174,2025-03-08T07:17:14.000Z,https://www.threads.net/t/DG7f7X6pvP8,oen.tw
hara_takatoshi,日本的報導節目介紹了史明。他在池袋開了一家台灣料理店（新珍味），支持活動家們的費用。店鋪樓上的樓層是史明曾經居住的地方，現在已經成為紀念館，據說有導覽員會帶領參觀。我沒去過這家店，下次想去吃看看。,395,2025-03-10T16:19:03.000Z,https://www.threads.net/t/DHBnhhWvmFX,oen.tw
simonxiwu,"ご覧いただきありがとうございます。ガイドツアーの予約はこちらです。https://tw400.oen.tw/events/2anUkZdaN46hAKOi8MTKqf2bcdw

お待ちしております。",18,2025-03-10T17:34:35.000Z,https://www.threads.net/t/DHBwKpvyqA3,oen.tw
simonxiwu,"【歷史上的這一天】20年前的426

2005年4月26日，當時的國民黨主席連戰訪問中國，上演名劇「連爺爺您回來了」。

其實4月26日當天早上連戰車隊在前往桃園機場的高速公路上，受到史明與獨立台灣會的計程車阻擋。在桃園機場，獨立台灣會也進行激烈抗議。不論在高速公路或機場，當時86歲的歐吉桑全程站在第一線帶頭衝撞體制，不讓年輕人專美於前。（請參照影片）

20年前歐吉桑早已以行動告訴台灣人，這個不是台灣人政黨的中國國民黨會「賣台」。20年後的426，中國國民黨將在凱道上，自己證明他們是賣台第一品牌，一路走來始終如一。

今年的426，我們在東京池袋史明紀念館，向20年前歐吉桑的勇氣致敬🫡

https://youtu.be/gHFzvUTq0TU?si=U22q1eCoI7DH4b9d",33,2025-04-26T03:28:55.000Z,https://www.threads.net/t/DI5QwAsJ2A8,oen.tw
simonxiwu,"🔺2025東京新珍味史明紀念館＿導覽預約
https://tw400.oen.tw/events/2anUkZdaN46hAKOi8MTKqf2bcdw",7,2025-04-26T03:43:43.000Z,https://www.threads.net/t/DI5ScZlp1Bf,oen.tw
su_beng1918,"史明護宅燈箱

此款護宅燈箱
是史明過世後
我們曾舉辦過的募款專案
「起.造國家」的募資回饋品其中之㇐

裡面有有兩片圖案
可以隨著心情更換圖樣

㇐面是由知名繪師
洪福田所設計繪製的圖案
以版畫的形式
將史明、台獨戰車、新珍味並列
就像是台灣的門神一樣
隨時提醒著我們
台灣獨立是我們的終極目標。

另㇐片是則是史明好友
日本的貴族議員、知名的思想家武
者小路實篤所寫
贈送給史明的㇐幅字「團結就是力量」,簡潔有力的字體
鼓勵著我們當思台灣要團結。

由Lighto 光印樣
將兩片圖樣結合所做的燈箱
每在休息的晚上點起時
就想到了點燈的傳承意義
做成這款燈箱放在床頭
陪伴我們渡過每一晚

目前只剩十五個
每個贊助回饋價3000元

凡所有捐款
史明教育基金會皆開立正式捐款收據

欲贊助者請洽:
https://tw400.oen.tw/good/2t9PQtstT3Ugl1qvos3yep7fUCb?from=tw400&m=points",157,2025-02-17T05:34:34.000Z,https://www.threads.net/t/DGKZEvvyarm,oen.tw
letsgo_manila,"昨天有人傳訊息跟我說，他的簽證到現在都還沒過，離起飛只剩2天，要我處理

第一 我不是菲律賓或台灣政府的人或頻道，所以我無法解決你們任何的簽證問題😍😍😍😍
第二 我並沒有抹滅馬尼拉是一個存在危險的城市，也沒有要對它的治安問題避重就輕，我的工作（近乎無盈利的狀態）是告訴大家，如果你想來，要怎麼有更好的城市旅遊體驗，所以你也不用在留言區逆風或來罵我😌其實大家都心知肚明，我只是想幫大家更即時更新菲律賓資訊、統整時事新聞
再囉唆小編就辭職去當社畜😍😍😍",1013,2025-04-08T11:26:55.000Z,https://www.threads.net/t/DILxJOPSdDv,oen.tw
letsgo_manila,"如果你想小額贊助我繼續創作 我不會不好意思🥹 我很需要大家的支持
https://lgmnl20.oen.tw/good/2iXbRSOlRwUlEaHv4stm445RiUo?fbclid=PAZXh0bgNhZW0CMTEAAafuzto-buRkh68vsY61Z8IaoWnath8JUYVX3u4iQfMYPyWgexYNnXNutMllew_aem_o167GVyeAHtRHLj8dudM5w",31,2025-04-08T13:45:28.000Z,https://www.threads.net/t/DIMA_96SuNA,oen.tw